sujet,date,statut
Comment le Hard-edge painting californien différait-il de l'abstraction géométrique new-yorkaise ?,2025-10-15T15:00:49.799774,succès
Pourquoi l'abstraction ouzbèke de Ural Tansykbayev conservait-elle une référence au paysage stylisé ?,2025-10-17T09:36:34.874968,succès
Comment Mary Corse intègre-t-elle des microsphères de verre dans ses peintures abstraites pour créer des effets lumineux ?,2025-10-21T09:45:17.213882,succès
Pourquoi l'abstraction kirghize émergea-t-elle principalement dans l'art textile monumental ?,2025-10-24T09:38:28.700117,succès
Quelle est la différence entre l'abstraction post-picturale et le Color Field painting ?,2025-10-28T07:37:38.984150,succès
Comment Jesús Rafael Soto créait-il la sensation de superposition vibrante dans ses pénétrables abstraits ?,2025-11-04T07:37:51.937852,succès
Pourquoi l'abstraction tadjike privilégiait-elle les compositions murales en céramique plutôt que la peinture ?,2025-11-11T07:38:07.627707,succès
Quelle influence le Constructivisme a-t-il exercé sur la typographie moderne du Bauhaus ?,2025-11-18T07:28:35.661623,succès
Comment Günter Fruhtrunk utilisait-il les rythmes sériels dans ses bandes colorées abstraites ?,2025-11-25T07:28:35.742798,succès
Pourquoi l'abstraction turkmène restait-elle limitée aux arts décoratifs traditionnels stylisés ?,2025-12-02T07:31:09.011897,succès
Quelle est la technique du zip painting développée par Barnett Newman ?,2025-12-09T07:31:07.089988,succès
Comment les artistes du Bauhaus enseignaient-ils la composition abstraite comme langage universel ?,2025-12-16T07:31:36.844102,succès
Pourquoi l'abstraction géométrique hongroise de László Moholy-Nagy intégrait-elle la photographie et la lumière ?,2025-12-23T07:33:13.529303,succès
Quelle différence existe-t-il entre l'Orphisme de Delaunay et le Rayonnisme russe ?,2025-12-30T07:32:03.782107,succès
Comment Natalia Goncharova combinait-elle iconographie russe et décomposition abstraite ?,2026-01-06T07:35:31.746880,succès
Pourquoi les artistes du mouvement Arte Madí créaient-ils des cadres irréguliers et mobiles ?,2026-01-13T07:33:58.760574,succès
